{
  "DummyClassifier": {
    "confusion_matrix_training_set": [
      0,
      0,
      431,
      773
    ],
    "confusion_matrix_test_set": [
      0,
      0,
      195,
      321
    ],
    "balanced_accuracy_score_training_set": 0.6420265780730897,
    "balanced_accuracy_score_test_set": 0.622093023255814,
    "precision_score_training_set": 1.0,
    "precision_score_test_set": 1.0,
    "recall_score_training_set": 0.6420265780730897,
    "recall_score_test_set": 0.622093023255814
  },
  "SGDClassifier": {
    "confusion_matrix_training_set": [
      419,
      12,
      15,
      758
    ],
    "confusion_matrix_test_set": [
      132,
      63,
      53,
      268
    ],
    "balanced_accuracy_score_training_set": 0.9763764283548892,
    "balanced_accuracy_score_test_set": 0.755907021327582,
    "precision_score_training_set": 0.9844155844155844,
    "precision_score_test_set": 0.8096676737160121,
    "recall_score_training_set": 0.9805950840879689,
    "recall_score_test_set": 0.8348909657320872
  },
  "SVC": {
    "confusion_matrix_training_set": [
      351,
      80,
      32,
      741
    ],
    "confusion_matrix_test_set": [
      125,
      70,
      29,
      292
    ],
    "balanced_accuracy_score_training_set": 0.8864939984331994,
    "balanced_accuracy_score_test_set": 0.7753414809489576,
    "precision_score_training_set": 0.902557856272838,
    "precision_score_test_set": 0.8066298342541437,
    "recall_score_training_set": 0.9586028460543338,
    "recall_score_test_set": 0.9096573208722741
  },
  "RandomForestClassifier": {
    "confusion_matrix_training_set": [
      410,
      21,
      6,
      767
    ],
    "confusion_matrix_test_set": [
      124,
      71,
      27,
      294
    ],
    "balanced_accuracy_score_training_set": 0.9717570678616774,
    "balanced_accuracy_score_test_set": 0.7758926431823627,
    "precision_score_training_set": 0.9733502538071066,
    "precision_score_test_set": 0.8054794520547945,
    "recall_score_training_set": 0.9922380336351876,
    "recall_score_test_set": 0.9158878504672897
  }
}